{
  "config": {
    "sizes": [
      100,
      1100,
      2100,
      3100,
      4100,
      5100,
      6100,
      7100,
      8100,
      9100
    ],
    "seed": 42,
    "bplustree_order": 4
  },
  "results": [
    {
      "size": 100,
      "bplustree": {
        "insert_time_sec": 0.0002523000002838671,
        "search_time_sec": 1.750000228639692e-05,
        "delete_time_sec": 6.960000609979033e-05,
        "range_query_time_sec": 2.8399997972883284e-05,
        "random_workload_time_sec": 7.759999425616115e-05,
        "peak_memory_bytes": 23672
      },
      "bruteforce": {
        "insert_time_sec": 0.0001390999968862161,
        "search_time_sec": 5.429999146144837e-05,
        "delete_time_sec": 3.060000017285347e-05,
        "range_query_time_sec": 3.6900004488416016e-05,
        "random_workload_time_sec": 4.939999780617654e-05,
        "peak_memory_bytes": 1432
      }
    },
    {
      "size": 1100,
      "bplustree": {
        "insert_time_sec": 0.0015778000088175759,
        "search_time_sec": 0.00019379999139346182,
        "delete_time_sec": 0.0007400999893434346,
        "range_query_time_sec": 0.00031489999673794955,
        "random_workload_time_sec": 0.001487400004407391,
        "peak_memory_bytes": 246592
      },
      "bruteforce": {
        "insert_time_sec": 0.01753610000014305,
        "search_time_sec": 0.005152900004759431,
        "delete_time_sec": 0.0033396000071661547,
        "range_query_time_sec": 0.0003919000009773299,
        "random_workload_time_sec": 0.002074399992125109,
        "peak_memory_bytes": 9368
      }
    },
    {
      "size": 2100,
      "bplustree": {
        "insert_time_sec": 0.00310689999605529,
        "search_time_sec": 0.000371600006474182,
        "delete_time_sec": 0.0014463000115938485,
        "range_query_time_sec": 0.0004532000020844862,
        "random_workload_time_sec": 0.0036975999973947182,
        "peak_memory_bytes": 470536
      },
      "bruteforce": {
        "insert_time_sec": 0.062111699997331016,
        "search_time_sec": 0.019397500000195578,
        "delete_time_sec": 0.012080700005753897,
        "range_query_time_sec": 0.0008250000100815669,
        "random_workload_time_sec": 0.007842999999411404,
        "peak_memory_bytes": 24400
      }
    },
    {
      "size": 3100,
      "bplustree": {
        "insert_time_sec": 0.0048476000083610415,
        "search_time_sec": 0.0006781999982194975,
        "delete_time_sec": 0.0024224000080721453,
        "range_query_time_sec": 0.0007036000024527311,
        "random_workload_time_sec": 0.007953099993756041,
        "peak_memory_bytes": 700296
      },
      "bruteforce": {
        "insert_time_sec": 0.1415928999922471,
        "search_time_sec": 0.04096399999980349,
        "delete_time_sec": 0.026247000001603737,
        "range_query_time_sec": 0.0012473000097088516,
        "random_workload_time_sec": 0.02155609999317676,
        "peak_memory_bytes": 88152
      }
    },
    {
      "size": 4100,
      "bplustree": {
        "insert_time_sec": 0.006846800009952858,
        "search_time_sec": 0.0009034999966388568,
        "delete_time_sec": 0.003997899999376386,
        "range_query_time_sec": 0.0014660000015283003,
        "random_workload_time_sec": 0.01214609999442473,
        "peak_memory_bytes": 920440
      },
      "bruteforce": {
        "insert_time_sec": 0.2462602000014158,
        "search_time_sec": 0.07282410000334494,
        "delete_time_sec": 0.045397100009722635,
        "range_query_time_sec": 0.0017414000030839816,
        "random_workload_time_sec": 0.02772170001117047,
        "peak_memory_bytes": 151120
      }
    },
    {
      "size": 5100,
      "bplustree": {
        "insert_time_sec": 0.008140999998431653,
        "search_time_sec": 0.001061399991158396,
        "delete_time_sec": 0.004109299989067949,
        "range_query_time_sec": 0.0012910999939776957,
        "random_workload_time_sec": 0.016507499996805564,
        "peak_memory_bytes": 1148360
      },
      "bruteforce": {
        "insert_time_sec": 0.37597500000265427,
        "search_time_sec": 0.11636129999533296,
        "delete_time_sec": 0.0751596000045538,
        "range_query_time_sec": 0.0021179000032134354,
        "random_workload_time_sec": 0.05742080000345595,
        "peak_memory_bytes": 215952
      }
    },
    {
      "size": 6100,
      "bplustree": {
        "insert_time_sec": 0.010474900002009235,
        "search_time_sec": 0.001388699995004572,
        "delete_time_sec": 0.005077699999674223,
        "range_query_time_sec": 0.001684000002569519,
        "random_workload_time_sec": 0.022112999999080785,
        "peak_memory_bytes": 1378528
      },
      "bruteforce": {
        "insert_time_sec": 0.5474009000026854,
        "search_time_sec": 0.15588299999944866,
        "delete_time_sec": 0.10573479998856783,
        "range_query_time_sec": 0.0025125999964075163,
        "random_workload_time_sec": 0.07456730000558309,
        "peak_memory_bytes": 283152
      }
    },
    {
      "size": 7100,
      "bplustree": {
        "insert_time_sec": 0.01258840000082273,
        "search_time_sec": 0.0016439000028185546,
        "delete_time_sec": 0.006519999995362014,
        "range_query_time_sec": 0.0017920000100275502,
        "random_workload_time_sec": 0.02775870000186842,
        "peak_memory_bytes": 1603048
      },
      "bruteforce": {
        "insert_time_sec": 0.7391307999932906,
        "search_time_sec": 0.2049191999976756,
        "delete_time_sec": 0.14179470000090078,
        "range_query_time_sec": 0.0030051999929128215,
        "random_workload_time_sec": 0.09794959999271668,
        "peak_memory_bytes": 345808
      }
    },
    {
      "size": 8100,
      "bplustree": {
        "insert_time_sec": 0.01344049999897834,
        "search_time_sec": 0.0017515999934403226,
        "delete_time_sec": 0.006931900003110059,
        "range_query_time_sec": 0.002594899997347966,
        "random_workload_time_sec": 0.03572310000890866,
        "peak_memory_bytes": 1823760
      },
      "bruteforce": {
        "insert_time_sec": 0.9775964000000386,
        "search_time_sec": 0.26682309999887366,
        "delete_time_sec": 0.1864034000027459,
        "range_query_time_sec": 0.003828300003078766,
        "random_workload_time_sec": 0.13508970000839327,
        "peak_memory_bytes": 409296
      }
    },
    {
      "size": 9100,
      "bplustree": {
        "insert_time_sec": 0.015758099994855,
        "search_time_sec": 0.002188500002375804,
        "delete_time_sec": 0.008521900002961047,
        "range_query_time_sec": 0.0032033999887062237,
        "random_workload_time_sec": 0.04188770000473596,
        "peak_memory_bytes": 2051784
      },
      "bruteforce": {
        "insert_time_sec": 1.209122699990985,
        "search_time_sec": 0.33880019999924116,
        "delete_time_sec": 0.23232809999899473,
        "range_query_time_sec": 0.003920100003597327,
        "random_workload_time_sec": 0.15141869999933988,
        "peak_memory_bytes": 473744
      }
    }
  ]
}